year,weeknum,province,new_case,total_case,new_case_excludeabroad,total_case_excludeabroad,new_death,total_death,update_date
2021,52,ตรัง,47,18171,47,18169,2,117,2022-10-24 07:25:57
2021,52,สกลนคร,7,8055,7,8055,0,38,2022-10-24 07:25:57
2021,52,เพชรบุรี,8,24609,8,24607,0,155,2022-10-24 07:25:57
2021,52,สมุทรปราการ,84,135879,76,135346,0,1487,2022-10-24 07:25:57
2021,52,สระบุรี,29,34678,29,34677,0,381,2022-10-24 07:25:57
2021,52,นครสวรรค์,26,18429,26,18425,1,234,2022-10-24 07:25:57
2021,52,บึงกาฬ,7,2907,7,2907,0,20,2022-10-24 07:25:57
2021,52,ลำพูน,9,4758,9,4758,0,14,2022-10-24 07:25:57
2021,52,ประจวบคีรีขันธ์,37,20782,35,20685,0,124,2022-10-24 07:25:57
2021,52,หนองบัวลำภู,3,4738,3,4738,0,27,2022-10-24 07:25:57
2021,52,พระนครศรีอยุธยา,22,34120,22,34119,0,402,2022-10-24 07:25:57
2021,52,นครปฐม,18,36683,18,36678,0,623,2022-10-24 07:25:57
2021,52,เพชรบูรณ์,20,12921,20,12920,0,131,2022-10-24 07:25:57
2021,52,อ่างทอง,10,11851,10,11851,0,148,2022-10-24 07:25:57
2021,52,สุโขทัย,2,6546,2,6545,0,68,2022-10-24 07:25:57
2021,52,ยะลา,14,48878,14,48791,0,324,2022-10-24 07:25:57
2021,52,ฉะเชิงเทรา,26,38539,26,38536,0,311,2022-10-24 07:25:57
2021,52,นครราชสีมา,37,36317,37,36311,2,277,2022-10-24 07:25:57
2021,52,พิษณุโลก,46,9790,46,9789,0,81,2022-10-24 07:25:57
2021,52,ลำปาง,32,3709,31,3707,0,30,2022-10-24 07:25:57
2021,52,ร้อยเอ็ด,50,14809,50,14809,0,120,2022-10-24 07:25:57
2021,52,นนทบุรี,42,69702,41,69510,0,421,2022-10-24 07:25:57
2021,52,อุทัยธานี,2,3922,2,3922,0,35,2022-10-24 07:25:57
2021,52,อำนาจเจริญ,21,3159,21,3158,0,31,2022-10-24 07:25:57
2021,52,พิจิตร,2,5453,2,5451,0,59,2022-10-24 07:25:57
2021,52,สิงห์บุรี,2,3592,2,3592,0,65,2022-10-24 07:25:57
2021,52,ราชบุรี,21,45418,21,45414,0,296,2022-10-24 07:25:57
2021,52,ชลบุรี,308,116250,289,115070,0,801,2022-10-24 07:25:57
2021,52,กาฬสินธุ์,55,10613,55,10611,0,71,2022-10-24 07:25:57
2021,52,เชียงราย,20,6066,20,5894,0,98,2022-10-24 07:25:57
2021,52,ภูเก็ต,102,19859,64,19209,0,144,2022-10-24 07:25:57
2021,52,ชุมพร,17,16660,17,16660,0,121,2022-10-24 07:25:57
2021,52,ลพบุรี,16,19142,16,19140,0,270,2022-10-24 07:25:57
2021,52,สุรินทร์,10,19221,10,19217,0,85,2022-10-24 07:25:57
2021,52,นครศรีธรรมราช,161,48813,161,48811,0,338,2022-10-24 07:25:57
2021,52,แพร่,15,2104,15,2104,0,17,2022-10-24 07:25:57
2021,52,น่าน,18,3007,18,3007,0,13,2022-10-24 07:25:57
2021,52,พังงา,34,7857,24,7811,1,31,2022-10-24 07:25:57
2021,52,สุราษฎร์ธานี,43,28745,38,28696,1,155,2022-10-24 07:25:57
2021,52,อุตรดิตถ์,4,4640,4,4639,0,63,2022-10-24 07:25:57
2021,52,ชัยภูมิ,15,12332,15,12330,0,127,2022-10-24 07:25:57
2021,52,นครนายก,14,11909,14,11909,0,150,2022-10-24 07:25:57
2021,52,ปราจีนบุรี,17,26919,17,26917,0,192,2022-10-24 07:25:57
2021,52,กระบี่,35,12368,31,12340,1,64,2022-10-24 07:25:57
2021,52,แม่ฮ่องสอน,17,3448,17,3446,0,41,2022-10-24 07:25:57
2021,52,พะเยา,6,2794,6,2791,0,10,2022-10-24 07:25:57
2021,52,นครพนม,7,5184,7,5183,0,28,2022-10-24 07:25:57
2021,52,เชียงใหม่,72,33971,69,33951,0,176,2022-10-24 07:25:57
2021,52,ยโสธร,10,6157,10,6156,0,54,2022-10-24 07:25:57
2021,52,ตาก,18,26424,16,26072,0,371,2022-10-24 07:25:57
2021,52,ตราด,4,9408,3,9397,0,92,2022-10-24 07:25:57
2021,52,พัทลุง,50,14055,50,14055,0,121,2022-10-24 07:25:57
2021,52,สตูล,14,8995,14,8904,1,119,2022-10-24 07:25:57
2021,52,ปัตตานี,15,48976,15,48862,0,470,2022-10-24 07:25:57
2021,52,สงขลา,51,67805,51,67719,0,309,2022-10-24 07:25:57
2021,52,ไม่ระบุ,0,173,0,161,0,0,2022-10-24 07:25:57
2021,52,ระยอง,59,47088,59,47086,0,311,2022-10-24 07:25:57
2021,52,กำแพงเพชร,7,8507,7,8503,0,113,2022-10-24 07:25:57
2021,52,สมุทรสาคร,11,112463,11,112462,0,881,2022-10-24 07:25:57
2021,52,จันทบุรี,15,22785,15,22471,0,136,2022-10-24 07:25:57
2021,52,มหาสารคาม,81,11659,81,11658,0,42,2022-10-24 07:25:57
2021,52,ศรีสะเกษ,12,19855,12,19852,0,93,2022-10-24 07:25:57
2021,52,ระนอง,1,10072,1,10070,0,110,2022-10-24 07:25:57
2021,52,ชัยนาท,3,2973,3,2973,0,35,2022-10-24 07:25:57
2021,52,อุบลราชธานี,254,23621,254,23617,0,193,2022-10-24 07:25:57
2021,52,ปทุมธานี,45,43555,45,43425,0,831,2022-10-24 07:25:57
2021,52,หนองคาย,9,4550,8,4546,0,29,2022-10-24 07:25:57
2021,52,อุดรธานี,78,26330,78,26327,0,169,2022-10-24 07:25:57
2021,52,ขอนแก่น,99,27759,99,27756,0,98,2022-10-24 07:25:57
2021,52,สระแก้ว,13,19936,13,18600,0,104,2022-10-24 07:25:57
2021,52,มุกดาหาร,10,2643,10,2639,0,16,2022-10-24 07:25:57
2021,52,สมุทรสงคราม,5,12105,5,12104,0,145,2022-10-24 07:25:57
2021,52,เลย,20,4646,20,4646,0,41,2022-10-24 07:25:57
2021,52,นราธิวาส,7,42837,7,42629,0,382,2022-10-24 07:25:57
2021,52,สุพรรณบุรี,2,16775,2,16774,0,272,2022-10-24 07:25:57
2021,52,กรุงเทพมหานคร,454,471299,408,468861,1,6880,2022-10-24 07:25:57
2021,52,บุรีรัมย์,26,17792,26,17787,0,85,2022-10-24 07:25:57
2021,52,กาญจนบุรี,28,24886,27,24882,0,192,2022-10-24 07:25:57
2022,1,ราชบุรี,211,45629,211,45625,6,302,2022-10-24 07:25:57
2022,1,ปทุมธานี,292,43847,289,43714,0,831,2022-10-24 07:25:57
2022,1,ชลบุรี,5059,121309,4779,119849,1,802,2022-10-24 07:25:57
2022,1,พะเยา,174,2968,174,2965,0,10,2022-10-24 07:25:57
2022,1,พิจิตร,62,5515,62,5513,0,59,2022-10-24 07:25:57
2022,1,ลพบุรี,167,19309,167,19307,3,273,2022-10-24 07:25:57
2022,1,ยะลา,132,49010,132,48923,3,327,2022-10-24 07:25:57
2022,1,สตูล,137,9132,129,9033,5,124,2022-10-24 07:25:57
2022,1,ประจวบคีรีขันธ์,321,21103,292,20977,0,124,2022-10-24 07:25:57
2022,1,ฉะเชิงเทรา,407,38946,403,38939,2,313,2022-10-24 07:25:57
2022,1,ภูเก็ต,1826,21685,1302,20511,0,144,2022-10-24 07:25:57
2022,1,ยโสธร,170,6327,169,6325,0,54,2022-10-24 07:25:57
2022,1,กำแพงเพชร,120,8627,119,8622,0,113,2022-10-24 07:25:57
2022,1,นครปฐม,209,36892,209,36887,0,623,2022-10-24 07:25:57
2022,1,สุราษฎร์ธานี,532,29277,396,29092,2,157,2022-10-24 07:25:57
2022,1,เชียงใหม่,1422,35393,1409,35360,7,183,2022-10-24 07:25:57
2022,1,ตรัง,255,18426,250,18419,2,119,2022-10-24 07:25:57
2022,1,เชียงราย,154,6220,141,6035,4,102,2022-10-24 07:25:57
2022,1,ตาก,257,26681,256,26328,4,375,2022-10-24 07:25:57
2022,1,พังงา,263,8120,217,8028,0,31,2022-10-24 07:25:57
2022,1,แม่ฮ่องสอน,106,3554,106,3552,2,43,2022-10-24 07:25:57
2022,1,สิงห์บุรี,27,3619,26,3618,1,66,2022-10-24 07:25:57
2022,1,อำนาจเจริญ,106,3265,105,3263,0,31,2022-10-24 07:25:57
2022,1,ไม่ระบุ,0,173,0,161,0,0,2022-10-24 07:25:57
2022,1,เลย,69,4715,69,4715,2,43,2022-10-24 07:25:57
2022,1,อ่างทอง,48,11899,48,11899,0,148,2022-10-24 07:25:57
2022,1,แพร่,56,2160,55,2159,0,17,2022-10-24 07:25:57
2022,1,สงขลา,384,68189,384,68103,4,313,2022-10-24 07:25:57
2022,1,กาฬสินธุ์,397,11010,395,11006,0,71,2022-10-24 07:25:57
2022,1,สุรินทร์,146,19367,137,19354,0,85,2022-10-24 07:25:57
2022,1,มุกดาหาร,163,2806,163,2802,0,16,2022-10-24 07:25:57
2022,1,สมุทรสงคราม,58,12163,58,12162,0,145,2022-10-24 07:25:57
2022,1,สมุทรปราการ,2269,138148,2172,137518,1,1488,2022-10-24 07:25:57
2022,1,มหาสารคาม,449,12108,447,12105,0,42,2022-10-24 07:25:57
2022,1,สกลนคร,201,8256,199,8254,0,38,2022-10-24 07:25:57
2022,1,เพชรบุรี,146,24755,142,24749,1,156,2022-10-24 07:25:57
2022,1,ระนอง,47,10119,45,10115,0,110,2022-10-24 07:25:57
2022,1,จันทบุรี,196,22981,195,22666,0,136,2022-10-24 07:25:57
2022,1,บุรีรัมย์,604,18396,599,18386,2,87,2022-10-24 07:25:57
2022,1,พัทลุง,396,14451,396,14451,1,122,2022-10-24 07:25:57
2022,1,ร้อยเอ็ด,329,15138,328,15137,0,120,2022-10-24 07:25:57
2022,1,นครนายก,93,12002,93,12002,0,150,2022-10-24 07:25:57
2022,1,สมุทรสาคร,333,112796,333,112795,1,882,2022-10-24 07:25:57
2022,1,ขอนแก่น,1378,29137,1374,29130,4,102,2022-10-24 07:25:57
2022,1,หนองบัวลำภู,96,4834,96,4834,0,27,2022-10-24 07:25:57
2022,1,ลำปาง,263,3972,263,3970,3,33,2022-10-24 07:25:57
2022,1,ลำพูน,56,4814,55,4813,0,14,2022-10-24 07:25:57
2022,1,ชัยนาท,106,3079,106,3079,0,35,2022-10-24 07:25:57
2022,1,สระแก้ว,190,20126,187,18787,0,104,2022-10-24 07:25:57
2022,1,ชุมพร,242,16902,242,16902,0,121,2022-10-24 07:25:57
2022,1,ปัตตานี,167,49143,166,49028,5,475,2022-10-24 07:25:57
2022,1,ปราจีนบุรี,291,27210,291,27208,0,192,2022-10-24 07:25:57
2022,1,พิษณุโลก,250,10040,250,10039,3,84,2022-10-24 07:25:57
2022,1,อุทัยธานี,130,4052,130,4052,1,36,2022-10-24 07:25:57
2022,1,ระยอง,694,47782,684,47770,1,312,2022-10-24 07:25:57
2022,1,นครราชสีมา,332,36649,332,36643,5,282,2022-10-24 07:25:57
2022,1,กรุงเทพมหานคร,3329,474628,3106,471967,10,6890,2022-10-24 07:25:57
2022,1,เพชรบูรณ์,198,13119,197,13117,0,131,2022-10-24 07:25:57
2022,1,น่าน,182,3189,182,3189,0,13,2022-10-24 07:25:57
2022,1,พระนครศรีอยุธยา,223,34343,223,34342,0,402,2022-10-24 07:25:57
2022,1,นราธิวาส,57,42894,57,42686,0,382,2022-10-24 07:25:57
2022,1,หนองคาย,216,4766,216,4762,0,29,2022-10-24 07:25:57
2022,1,อุดรธานี,769,27099,763,27090,0,169,2022-10-24 07:25:57
2022,1,อุตรดิตถ์,73,4713,73,4712,1,64,2022-10-24 07:25:57
2022,1,สระบุรี,221,34899,221,34898,2,383,2022-10-24 07:25:57
2022,1,สุโขทัย,69,6615,68,6613,1,69,2022-10-24 07:25:57
2022,1,นครพนม,121,5305,121,5304,0,28,2022-10-24 07:25:57
2022,1,สุพรรณบุรี,113,16888,109,16883,1,273,2022-10-24 07:25:57
2022,1,ชัยภูมิ,248,12580,247,12577,1,128,2022-10-24 07:25:57
2022,1,ตราด,220,9628,195,9592,0,92,2022-10-24 07:25:57
2022,1,อุบลราชธานี,2490,26111,2484,26101,3,196,2022-10-24 07:25:57
2022,1,นครศรีธรรมราช,970,49783,969,49780,1,339,2022-10-24 07:25:57
2022,1,กาญจนบุรี,217,25103,217,25099,2,194,2022-10-24 07:25:57
2022,1,นครสวรรค์,292,18721,292,18717,4,238,2022-10-24 07:25:57
2022,1,ศรีสะเกษ,304,20159,303,20155,0,93,2022-10-24 07:25:57
2022,1,บึงกาฬ,143,3050,141,3048,1,21,2022-10-24 07:25:57
2022,1,กระบี่,226,12594,182,12522,2,66,2022-10-24 07:25:57
2022,1,นนทบุรี,924,70626,924,70434,0,421,2022-10-24 07:25:57
2022,2,ตาก,229,26910,229,26557,0,375,2022-10-24 07:25:57
2022,2,สมุทรสงคราม,77,12240,77,12239,0,145,2022-10-24 07:25:57
2022,2,ตรัง,223,18649,221,18640,2,121,2022-10-24 07:25:57
2022,2,อุดรธานี,1035,28134,1031,28121,0,169,2022-10-24 07:25:57
2022,2,กระบี่,435,13029,363,12885,0,66,2022-10-24 07:25:57
2022,2,ลำพูน,81,4895,81,4894,0,14,2022-10-24 07:25:57
2022,2,สุโขทัย,97,6712,96,6709,0,69,2022-10-24 07:25:57
2022,2,ฉะเชิงเทรา,545,39491,544,39483,1,314,2022-10-24 07:25:57
2022,2,ประจวบคีรีขันธ์,550,21653,514,21491,0,124,2022-10-24 07:25:57
2022,2,หนองบัวลำภู,205,5039,205,5039,0,27,2022-10-24 07:25:57
2022,2,สกลนคร,334,8590,334,8588,0,38,2022-10-24 07:25:57
2022,2,ปัตตานี,120,49263,119,49147,2,477,2022-10-24 07:25:57
2022,2,อุบลราชธานี,2310,28421,2306,28407,2,198,2022-10-24 07:25:57
2022,2,สมุทรปราการ,4598,142746,4518,142036,1,1489,2022-10-24 07:25:57
2022,2,แพร่,109,2269,109,2268,1,18,2022-10-24 07:25:57
2022,2,พัทลุง,459,14910,459,14910,1,123,2022-10-24 07:25:57
2022,2,กาฬสินธุ์,365,11375,365,11371,0,71,2022-10-24 07:25:57
2022,2,สระแก้ว,271,20397,269,19056,0,104,2022-10-24 07:25:57
2022,2,กาญจนบุรี,396,25499,396,25495,1,195,2022-10-24 07:25:57
2022,2,เชียงใหม่,1441,36834,1417,36777,7,190,2022-10-24 07:25:57
2022,2,พังงา,505,8625,447,8475,0,31,2022-10-24 07:25:57
2022,2,เชียงราย,327,6547,321,6356,3,105,2022-10-24 07:25:57
2022,2,บุรีรัมย์,1039,19435,1039,19425,1,88,2022-10-24 07:25:57
2022,2,พะเยา,334,3302,334,3299,0,10,2022-10-24 07:25:57
2022,2,สงขลา,629,68818,625,68728,4,317,2022-10-24 07:25:57
2022,2,ยโสธร,278,6605,278,6603,0,54,2022-10-24 07:25:57
2022,2,สุรินทร์,686,20053,680,20034,0,85,2022-10-24 07:25:57
2022,2,อ่างทอง,96,11995,96,11995,1,149,2022-10-24 07:25:57
2022,2,ราชบุรี,273,45902,273,45898,0,302,2022-10-24 07:25:57
2022,2,สตูล,125,9257,122,9155,5,129,2022-10-24 07:25:57
2022,2,น่าน,509,3698,509,3698,0,13,2022-10-24 07:25:57
2022,2,สระบุรี,509,35408,509,35407,2,385,2022-10-24 07:25:57
2022,2,หนองคาย,416,5182,416,5178,0,29,2022-10-24 07:25:57
2022,2,จันทบุรี,385,23366,384,23050,2,138,2022-10-24 07:25:57
2022,2,นครนายก,317,12319,317,12319,0,150,2022-10-24 07:25:57
2022,2,สุพรรณบุรี,302,17190,302,17185,1,274,2022-10-24 07:25:57
2022,2,แม่ฮ่องสอน,120,3674,120,3672,3,46,2022-10-24 07:25:57
2022,2,ระยอง,1085,48867,1076,48846,1,313,2022-10-24 07:25:57
2022,2,ภูเก็ต,4333,26018,3127,23638,2,146,2022-10-24 07:25:57
2022,2,กรุงเทพมหานคร,5249,479877,4975,476942,9,6899,2022-10-24 07:25:57
2022,2,ชุมพร,313,17215,313,17215,0,121,2022-10-24 07:25:57
2022,2,ชลบุรี,5567,126876,5330,125179,9,811,2022-10-24 07:25:57
2022,2,ชัยนาท,91,3170,91,3170,0,35,2022-10-24 07:25:57
2022,2,ปทุมธานี,1251,45098,1250,44964,0,831,2022-10-24 07:25:57
2022,2,นครศรีธรรมราช,1315,51098,1315,51095,2,341,2022-10-24 07:25:57
2022,2,นครปฐม,582,37474,582,37469,2,625,2022-10-24 07:25:57
2022,2,นนทบุรี,2542,73168,2539,72973,0,421,2022-10-24 07:25:57
2022,2,นครราชสีมา,942,37591,939,37582,7,289,2022-10-24 07:25:57
2022,2,ร้อยเอ็ด,452,15590,451,15588,4,124,2022-10-24 07:25:57
2022,2,อำนาจเจริญ,126,3391,126,3389,0,31,2022-10-24 07:25:57
2022,2,สิงห์บุรี,95,3714,95,3713,0,66,2022-10-24 07:25:57
2022,2,ไม่ระบุ,0,173,0,161,0,0,2022-10-24 07:25:57
2022,2,เลย,317,5032,317,5032,1,44,2022-10-24 07:25:57
2022,2,นครสวรรค์,443,19164,439,19156,1,239,2022-10-24 07:25:57
2022,2,ยะลา,75,49085,75,48998,4,331,2022-10-24 07:25:57
2022,2,มหาสารคาม,467,12575,463,12568,0,42,2022-10-24 07:25:57
2022,2,พิษณุโลก,589,10629,589,10628,3,87,2022-10-24 07:25:57
2022,2,ตราด,302,9930,283,9875,1,93,2022-10-24 07:25:57
2022,2,ชัยภูมิ,245,12825,245,12822,2,130,2022-10-24 07:25:57
2022,2,ศรีสะเกษ,916,21075,914,21069,2,95,2022-10-24 07:25:57
2022,2,ปราจีนบุรี,311,27521,311,27519,2,194,2022-10-24 07:25:57
2022,2,บึงกาฬ,125,3175,125,3173,0,21,2022-10-24 07:25:57
2022,2,พระนครศรีอยุธยา,448,34791,448,34790,2,404,2022-10-24 07:25:57
2022,2,สมุทรสาคร,866,113662,865,113660,0,882,2022-10-24 07:25:57
2022,2,เพชรบุรี,269,25024,263,25012,1,157,2022-10-24 07:25:57
2022,2,สุราษฎร์ธานี,1033,30310,921,30013,1,158,2022-10-24 07:25:57
2022,2,พิจิตร,133,5648,133,5646,0,59,2022-10-24 07:25:57
2022,2,กำแพงเพชร,221,8848,221,8843,2,115,2022-10-24 07:25:57
2022,2,เพชรบูรณ์,279,13398,279,13396,1,132,2022-10-24 07:25:57
2022,2,ลำปาง,337,4309,337,4307,1,34,2022-10-24 07:25:57
2022,2,มุกดาหาร,212,3018,212,3014,0,16,2022-10-24 07:25:57
2022,2,ระนอง,128,10247,124,10239,0,110,2022-10-24 07:25:57
2022,2,อุตรดิตถ์,103,4816,102,4814,1,65,2022-10-24 07:25:57
2022,2,นราธิวาส,49,42943,47,42733,0,382,2022-10-24 07:25:57
2022,2,ขอนแก่น,1868,31005,1862,30992,0,102,2022-10-24 07:25:57
2022,2,อุทัยธานี,109,4161,109,4161,1,37,2022-10-24 07:25:57
2022,2,ลพบุรี,501,19810,500,19807,1,274,2022-10-24 07:25:57
2022,2,นครพนม,350,5655,350,5654,0,28,2022-10-24 07:25:57
2022,3,ระนอง,89,10336,89,10328,0,110,2022-10-24 07:25:57
2022,3,นครศรีธรรมราช,1072,52170,1072,52167,1,342,2022-10-24 07:25:57
2022,3,พิจิตร,77,5725,77,5723,0,59,2022-10-24 07:25:57
2022,3,ชัยนาท,114,3284,114,3284,0,35,2022-10-24 07:25:57
2022,3,สตูล,86,9343,86,9241,3,132,2022-10-24 07:25:57
2022,3,เพชรบุรี,340,25364,339,25351,1,158,2022-10-24 07:25:57
2022,3,พัทลุง,573,15483,573,15483,2,125,2022-10-24 07:25:57
2022,3,บุรีรัมย์,813,20248,813,20238,3,91,2022-10-24 07:25:57
2022,3,สิงห์บุรี,46,3760,46,3759,0,66,2022-10-24 07:25:57
2022,3,ยะลา,118,49203,118,49116,1,332,2022-10-24 07:25:57
2022,3,สงขลา,522,69340,521,69249,5,322,2022-10-24 07:25:57
2022,3,อำนาจเจริญ,116,3507,115,3504,0,31,2022-10-24 07:25:57
2022,3,ชุมพร,438,17653,438,17653,1,122,2022-10-24 07:25:57
2022,3,ไม่ระบุ,0,173,0,161,0,0,2022-10-24 07:25:57
2022,3,ชัยภูมิ,266,13091,266,13088,0,130,2022-10-24 07:25:57
2022,3,ภูเก็ต,3499,29517,2673,26311,3,149,2022-10-24 07:25:57
2022,3,อุดรธานี,630,28764,628,28749,5,174,2022-10-24 07:25:57
2022,3,ตรัง,201,18850,201,18841,1,122,2022-10-24 07:25:57
2022,3,ปราจีนบุรี,334,27855,333,27852,2,196,2022-10-24 07:25:57
2022,3,เชียงใหม่,1075,37909,1065,37842,3,193,2022-10-24 07:25:57
2022,3,สมุทรสงคราม,108,12348,108,12347,0,145,2022-10-24 07:25:57
2022,3,ราชบุรี,534,46436,533,46431,1,303,2022-10-24 07:25:57
2022,3,กระบี่,402,13431,370,13255,2,68,2022-10-24 07:25:57
2022,3,สระบุรี,490,35898,489,35896,0,385,2022-10-24 07:25:57
2022,3,แม่ฮ่องสอน,80,3754,80,3752,1,47,2022-10-24 07:25:57
2022,3,ขอนแก่น,2022,33027,2018,33010,3,105,2022-10-24 07:25:57
2022,3,มหาสารคาม,513,13088,512,13080,0,42,2022-10-24 07:25:57
2022,3,สระแก้ว,410,20807,401,19457,2,106,2022-10-24 07:25:57
2022,3,เลย,514,5546,513,5545,0,44,2022-10-24 07:25:57
2022,3,กรุงเทพมหานคร,7262,487139,7037,483979,14,6913,2022-10-24 07:25:57
2022,3,บึงกาฬ,105,3280,105,3278,0,21,2022-10-24 07:25:57
2022,3,เพชรบูรณ์,258,13656,256,13652,2,134,2022-10-24 07:25:57
2022,3,ปัตตานี,108,49371,108,49255,1,478,2022-10-24 07:25:57
2022,3,ฉะเชิงเทรา,591,40082,591,40074,0,314,2022-10-24 07:25:57
2022,3,หนองบัวลำภู,215,5254,215,5254,0,27,2022-10-24 07:25:57
2022,3,พะเยา,162,3464,162,3461,0,10,2022-10-24 07:25:57
2022,3,สุพรรณบุรี,318,17508,317,17502,1,275,2022-10-24 07:25:57
2022,3,กาฬสินธุ์,331,11706,331,11702,2,73,2022-10-24 07:25:57
2022,3,กาญจนบุรี,596,26095,596,26091,2,197,2022-10-24 07:25:57
2022,3,นราธิวาส,80,43023,80,42813,0,382,2022-10-24 07:25:57
2022,3,ปทุมธานี,1690,46788,1686,46650,1,832,2022-10-24 07:25:57
2022,3,อุทัยธานี,77,4238,77,4238,1,38,2022-10-24 07:25:57
2022,3,สุโขทัย,137,6849,137,6846,0,69,2022-10-24 07:25:57
2022,3,พังงา,610,9235,581,9056,1,32,2022-10-24 07:25:57
2022,3,สุราษฎร์ธานี,833,31143,802,30815,1,159,2022-10-24 07:25:57
2022,3,ตาก,216,27126,214,26771,4,379,2022-10-24 07:25:57
2022,3,ลำปาง,186,4495,186,4493,0,34,2022-10-24 07:25:57
2022,3,สกลนคร,375,8965,375,8963,0,38,2022-10-24 07:25:57
2022,3,ลำพูน,109,5004,109,5003,0,14,2022-10-24 07:25:57
2022,3,นนทบุรี,2477,75645,2473,75446,1,422,2022-10-24 07:25:57
2022,3,นครปฐม,826,38300,826,38295,0,625,2022-10-24 07:25:57
2022,3,สมุทรปราการ,4643,147389,4612,146648,3,1492,2022-10-24 07:25:57
2022,3,แพร่,132,2401,131,2399,1,19,2022-10-24 07:25:57
2022,3,จันทบุรี,470,23836,470,23520,2,140,2022-10-24 07:25:57
2022,3,อ่างทอง,100,12095,100,12095,0,149,2022-10-24 07:25:57
2022,3,ร้อยเอ็ด,522,16112,520,16108,0,124,2022-10-24 07:25:57
2022,3,พิษณุโลก,435,11064,435,11063,5,92,2022-10-24 07:25:57
2022,3,ศรีสะเกษ,712,21787,711,21780,3,98,2022-10-24 07:25:57
2022,3,น่าน,378,4076,378,4076,0,13,2022-10-24 07:25:57
2022,3,กำแพงเพชร,215,9063,213,9056,0,115,2022-10-24 07:25:57
2022,3,สุรินทร์,660,20713,658,20692,0,85,2022-10-24 07:25:57
2022,3,อุตรดิตถ์,103,4919,103,4917,0,65,2022-10-24 07:25:57
2022,3,ระยอง,972,49839,969,49815,2,315,2022-10-24 07:25:57
2022,3,มุกดาหาร,282,3300,282,3296,0,16,2022-10-24 07:25:57
2022,3,สมุทรสาคร,933,114595,933,114593,0,882,2022-10-24 07:25:57
2022,3,นครสวรรค์,487,19651,487,19643,0,239,2022-10-24 07:25:57
2022,3,นครนายก,249,12568,249,12568,2,152,2022-10-24 07:25:57
2022,3,นครพนม,204,5859,204,5858,0,28,2022-10-24 07:25:57
2022,3,ยโสธร,145,6750,145,6748,0,54,2022-10-24 07:25:57
2022,3,ลพบุรี,704,20514,704,20511,0,274,2022-10-24 07:25:57
2022,3,ตราด,93,10023,83,9958,1,94,2022-10-24 07:25:57
2022,3,นครราชสีมา,1065,38656,1065,38647,3,292,2022-10-24 07:25:57
2022,3,พระนครศรีอยุธยา,691,35482,691,35481,0,404,2022-10-24 07:25:57
2022,3,ชลบุรี,3670,130546,3530,128709,3,814,2022-10-24 07:25:57
2022,3,อุบลราชธานี,1325,29746,1320,29727,3,201,2022-10-24 07:25:57
2022,3,ประจวบคีรีขันธ์,517,22170,495,21986,2,126,2022-10-24 07:25:57
2022,3,หนองคาย,434,5616,434,5612,0,29,2022-10-24 07:25:57
2022,3,เชียงราย,221,6768,215,6571,2,107,2022-10-24 07:25:57
2022,4,กระบี่,400,13831,370,13625,1,69,2022-10-24 07:25:57
2022,4,พระนครศรีอยุธยา,649,36131,649,36130,1,405,2022-10-24 07:25:57
2022,4,นครศรีธรรมราช,914,53084,914,53081,4,346,2022-10-24 07:25:57
2022,4,จันทบุรี,398,24234,397,23917,0,140,2022-10-24 07:25:57
2022,4,ตรัง,239,19089,239,19080,1,123,2022-10-24 07:25:57
2022,4,สมุทรสงคราม,75,12423,75,12422,0,145,2022-10-24 07:25:57
2022,4,ขอนแก่น,1564,34591,1564,34574,2,107,2022-10-24 07:25:57
2022,4,ศรีสะเกษ,942,22729,941,22721,2,100,2022-10-24 07:25:57
2022,4,สมุทรปราการ,4696,152085,4666,151314,5,1497,2022-10-24 07:25:57
2022,4,นครสวรรค์,456,20107,454,20097,0,239,2022-10-24 07:25:57
2022,4,นนทบุรี,2766,78411,2756,78202,1,423,2022-10-24 07:25:57
2022,4,ระยอง,730,50569,729,50544,2,317,2022-10-24 07:25:57
2022,4,อุตรดิตถ์,51,4970,51,4968,0,65,2022-10-24 07:25:57
2022,4,นครพนม,168,6027,167,6025,0,28,2022-10-24 07:25:57
2022,4,เชียงราย,176,6944,176,6747,2,109,2022-10-24 07:25:57
2022,4,อุดรธานี,743,29507,743,29492,2,176,2022-10-24 07:25:57
2022,4,นครนายก,229,12797,229,12797,0,152,2022-10-24 07:25:57
2022,4,ลำพูน,87,5091,87,5090,0,14,2022-10-24 07:25:57
2022,4,เลย,737,6283,737,6282,1,45,2022-10-24 07:25:57
2022,4,ชัยนาท,95,3379,95,3379,0,35,2022-10-24 07:25:57
2022,4,พิจิตร,191,5916,191,5914,0,59,2022-10-24 07:25:57
2022,4,ปทุมธานี,1677,48465,1674,48324,7,839,2022-10-24 07:25:57
2022,4,น่าน,319,4395,319,4395,1,14,2022-10-24 07:25:57
2022,4,ภูเก็ต,3483,33000,2555,28866,2,151,2022-10-24 07:25:57
2022,4,สิงห์บุรี,84,3844,84,3843,1,67,2022-10-24 07:25:57
2022,4,สกลนคร,165,9130,165,9128,1,39,2022-10-24 07:25:57
2022,4,ลำปาง,102,4597,102,4595,2,36,2022-10-24 07:25:57
2022,4,ประจวบคีรีขันธ์,457,22627,452,22438,1,127,2022-10-24 07:25:57
2022,4,กาฬสินธุ์,391,12097,391,12093,7,80,2022-10-24 07:25:57
2022,4,สระบุรี,630,36528,628,36524,1,386,2022-10-24 07:25:57
2022,4,พะเยา,71,3535,71,3532,0,10,2022-10-24 07:25:57
2022,4,ชลบุรี,2617,133163,2534,131243,7,821,2022-10-24 07:25:57
2022,4,เชียงใหม่,853,38762,840,38682,7,200,2022-10-24 07:25:57
2022,4,อ่างทอง,114,12209,114,12209,1,150,2022-10-24 07:25:57
2022,4,ฉะเชิงเทรา,775,40857,775,40849,1,315,2022-10-24 07:25:57
2022,4,กำแพงเพชร,206,9269,206,9262,0,115,2022-10-24 07:25:57
2022,4,หนองคาย,661,6277,661,6273,2,31,2022-10-24 07:25:57
2022,4,ตาก,182,27308,178,26949,0,379,2022-10-24 07:25:57
2022,4,สระแก้ว,372,21179,352,19809,2,108,2022-10-24 07:25:57
2022,4,ไม่ระบุ,0,173,0,161,0,0,2022-10-24 07:25:57
2022,4,พัทลุง,742,16225,742,16225,4,129,2022-10-24 07:25:57
2022,4,อุบลราชธานี,971,30717,970,30697,3,204,2022-10-24 07:25:57
2022,4,กรุงเทพมหานคร,9608,496747,9464,493443,16,6929,2022-10-24 07:25:57
2022,4,สุโขทัย,190,7039,190,7036,0,69,2022-10-24 07:25:57
2022,4,สมุทรสาคร,911,115506,911,115504,1,883,2022-10-24 07:25:57
2022,4,ระนอง,97,10433,97,10425,2,112,2022-10-24 07:25:57
2022,4,ร้อยเอ็ด,578,16690,578,16686,0,124,2022-10-24 07:25:57
2022,4,ชุมพร,413,18066,413,18066,3,125,2022-10-24 07:25:57
2022,4,ชัยภูมิ,414,13505,414,13502,2,132,2022-10-24 07:25:57
2022,4,แพร่,172,2573,170,2569,0,19,2022-10-24 07:25:57
2022,4,พังงา,598,9833,576,9632,0,32,2022-10-24 07:25:57
2022,4,ปราจีนบุรี,382,28237,381,28233,3,199,2022-10-24 07:25:57
2022,4,แม่ฮ่องสอน,75,3829,75,3827,1,48,2022-10-24 07:25:57
2022,4,มหาสารคาม,515,13603,515,13595,1,43,2022-10-24 07:25:57
2022,4,เพชรบูรณ์,294,13950,294,13946,2,136,2022-10-24 07:25:57
2022,4,ยะลา,125,49328,124,49240,2,334,2022-10-24 07:25:57
2022,4,สตูล,85,9428,85,9326,1,133,2022-10-24 07:25:57
2022,4,ยโสธร,179,6929,178,6926,0,54,2022-10-24 07:25:57
2022,4,นราธิวาส,69,43092,69,42882,0,382,2022-10-24 07:25:57
2022,4,มุกดาหาร,115,3415,115,3411,0,16,2022-10-24 07:25:57
2022,4,บุรีรัมย์,687,20935,687,20925,1,92,2022-10-24 07:25:57
2022,4,สงขลา,424,69764,424,69673,3,325,2022-10-24 07:25:57
2022,4,ลพบุรี,890,21404,888,21399,0,274,2022-10-24 07:25:57
2022,4,ปัตตานี,91,49462,91,49346,1,479,2022-10-24 07:25:57
2022,4,สุรินทร์,684,21397,684,21376,0,85,2022-10-24 07:25:57
2022,4,ราชบุรี,915,47351,915,47346,0,303,2022-10-24 07:25:57
2022,4,อำนาจเจริญ,84,3591,84,3588,0,31,2022-10-24 07:25:57
2022,4,กาญจนบุรี,538,26633,538,26629,2,199,2022-10-24 07:25:57
2022,4,หนองบัวลำภู,248,5502,248,5502,1,28,2022-10-24 07:25:57
2022,4,อุทัยธานี,102,4340,102,4340,0,38,2022-10-24 07:25:57
2022,4,ตราด,77,10100,76,10034,1,95,2022-10-24 07:25:57
2022,4,นครปฐม,762,39062,762,39057,1,626,2022-10-24 07:25:57
2022,4,บึงกาฬ,67,3347,65,3343,0,21,2022-10-24 07:25:57
2022,4,เพชรบุรี,291,25655,290,25641,0,158,2022-10-24 07:25:57
2022,4,นครราชสีมา,1036,39692,1036,39683,2,294,2022-10-24 07:25:57
2022,4,พิษณุโลก,372,11436,372,11435,1,93,2022-10-24 07:25:57
2022,4,สุพรรณบุรี,309,17817,309,17811,3,278,2022-10-24 07:25:57
2022,4,สุราษฎร์ธานี,701,31844,672,31487,2,161,2022-10-24 07:25:57
2022,5,ลพบุรี,955,22359,955,22354,2,276,2022-10-24 07:25:57
2022,5,พระนครศรีอยุธยา,773,36904,773,36903,6,411,2022-10-24 07:25:57
2022,5,แม่ฮ่องสอน,54,3883,54,3881,0,48,2022-10-24 07:25:57
2022,5,ลำปาง,120,4717,119,4714,0,36,2022-10-24 07:25:57
2022,5,ชัยนาท,139,3518,139,3518,0,35,2022-10-24 07:25:57
2022,5,ศรีสะเกษ,1229,23958,1228,23949,0,100,2022-10-24 07:25:57
2022,5,พิจิตร,176,6092,176,6090,0,59,2022-10-24 07:25:57
2022,5,นนทบุรี,3022,81433,3021,81223,1,424,2022-10-24 07:25:57
2022,5,พะเยา,162,3697,162,3694,0,10,2022-10-24 07:25:57
2022,5,เลย,473,6756,473,6755,0,45,2022-10-24 07:25:57
2022,5,สมุทรสงคราม,148,12571,148,12570,1,146,2022-10-24 07:25:57
2022,5,แพร่,375,2948,375,2944,0,19,2022-10-24 07:25:57
2022,5,ยะลา,99,49427,99,49339,1,335,2022-10-24 07:25:57
2022,5,นครพนม,239,6266,239,6264,1,29,2022-10-24 07:25:57
2022,5,ราชบุรี,1163,48514,1163,48509,1,304,2022-10-24 07:25:57
2022,5,พังงา,450,10283,434,10066,4,36,2022-10-24 07:25:57
2022,5,จันทบุรี,519,24753,519,24436,1,141,2022-10-24 07:25:57
2022,5,อุดรธานี,858,30365,854,30346,0,176,2022-10-24 07:25:57
2022,5,ร้อยเอ็ด,840,17530,840,17526,0,124,2022-10-24 07:25:57
2022,5,สุโขทัย,335,7374,335,7371,0,69,2022-10-24 07:25:57
2022,5,ฉะเชิงเทรา,780,41637,780,41629,0,315,2022-10-24 07:25:57
2022,5,สงขลา,295,70059,295,69968,2,327,2022-10-24 07:25:57
2022,5,สิงห์บุรี,103,3947,103,3946,0,67,2022-10-24 07:25:57
2022,5,ลำพูน,142,5233,142,5232,0,14,2022-10-24 07:25:57
2022,5,ตาก,326,27634,325,27274,1,380,2022-10-24 07:25:57
2022,5,ปทุมธานี,1268,49733,1268,49592,3,842,2022-10-24 07:25:57
2022,5,ชุมพร,493,18559,493,18559,2,127,2022-10-24 07:25:57
2022,5,สระแก้ว,383,21562,366,20175,2,110,2022-10-24 07:25:57
2022,5,พัทลุง,652,16877,652,16877,0,129,2022-10-24 07:25:57
2022,5,กำแพงเพชร,223,9492,223,9485,0,115,2022-10-24 07:25:57
2022,5,หนองบัวลำภู,211,5713,211,5713,0,28,2022-10-24 07:25:57
2022,5,อำนาจเจริญ,113,3704,113,3701,1,32,2022-10-24 07:25:57
2022,5,สกลนคร,212,9342,212,9340,1,40,2022-10-24 07:25:57
2022,5,มหาสารคาม,850,14453,850,14445,3,46,2022-10-24 07:25:57
2022,5,กาญจนบุรี,649,27282,649,27278,3,202,2022-10-24 07:25:57
2022,5,สุราษฎร์ธานี,652,32496,607,32094,0,161,2022-10-24 07:25:57
2022,5,มุกดาหาร,175,3590,175,3586,0,16,2022-10-24 07:25:57
2022,5,นครสวรรค์,459,20566,459,20556,1,240,2022-10-24 07:25:57
2022,5,ประจวบคีรีขันธ์,463,23090,459,22897,0,127,2022-10-24 07:25:57
2022,5,ไม่ระบุ,0,173,0,161,0,0,2022-10-24 07:25:57
2022,5,นครปฐม,966,40028,966,40023,1,627,2022-10-24 07:25:57
2022,5,เพชรบูรณ์,620,14570,620,14566,2,138,2022-10-24 07:25:57
2022,5,บุรีรัมย์,648,21583,648,21573,1,93,2022-10-24 07:25:57
2022,5,หนองคาย,731,7008,731,7004,1,32,2022-10-24 07:25:57
2022,5,ตราด,125,10225,124,10158,3,98,2022-10-24 07:25:57
2022,5,อ่างทอง,113,12322,113,12322,0,150,2022-10-24 07:25:57
2022,5,ชัยภูมิ,592,14097,592,14094,1,133,2022-10-24 07:25:57
2022,5,ตรัง,212,19301,212,19292,2,125,2022-10-24 07:25:57
2022,5,นครนายก,355,13152,355,13152,3,155,2022-10-24 07:25:57
2022,5,ยโสธร,239,7168,239,7165,0,54,2022-10-24 07:25:57
2022,5,บึงกาฬ,163,3510,163,3506,0,21,2022-10-24 07:25:57
2022,5,เพชรบุรี,688,26343,688,26329,0,158,2022-10-24 07:25:57
2022,5,ระยอง,907,51476,907,51451,2,319,2022-10-24 07:25:57
2022,5,เชียงใหม่,1095,39857,1091,39773,2,202,2022-10-24 07:25:57
2022,5,สระบุรี,773,37301,773,37297,0,386,2022-10-24 07:25:57
2022,5,นครราชสีมา,1275,40967,1275,40958,2,296,2022-10-24 07:25:57
2022,5,น่าน,542,4937,542,4937,1,15,2022-10-24 07:25:57
2022,5,ปราจีนบุรี,527,28764,527,28760,2,201,2022-10-24 07:25:57
2022,5,พิษณุโลก,384,11820,384,11819,2,95,2022-10-24 07:25:57
2022,5,อุทัยธานี,120,4460,120,4460,0,38,2022-10-24 07:25:57
2022,5,สตูล,56,9484,56,9382,1,134,2022-10-24 07:25:57
2022,5,กระบี่,462,14293,452,14077,1,70,2022-10-24 07:25:57
2022,5,ภูเก็ต,3868,36868,2706,31572,5,156,2022-10-24 07:25:57
2022,5,นราธิวาส,45,43137,45,42927,0,382,2022-10-24 07:25:57
2022,5,กรุงเทพมหานคร,9902,506649,9806,503249,26,6955,2022-10-24 07:25:57
2022,5,สมุทรสาคร,969,116475,969,116473,0,883,2022-10-24 07:25:57
2022,5,สุพรรณบุรี,874,18691,874,18685,1,279,2022-10-24 07:25:57
2022,5,สมุทรปราการ,5897,157982,5878,157192,6,1503,2022-10-24 07:25:57
2022,5,ขอนแก่น,1165,35756,1164,35738,4,111,2022-10-24 07:25:57
2022,5,ระนอง,135,10568,135,10560,0,112,2022-10-24 07:25:57
2022,5,อุบลราชธานี,1225,31942,1225,31922,4,208,2022-10-24 07:25:57
2022,5,กาฬสินธุ์,359,12456,359,12452,9,89,2022-10-24 07:25:57
2022,5,เชียงราย,169,7113,168,6915,0,109,2022-10-24 07:25:57
2022,5,ชลบุรี,3096,136259,3059,134302,4,825,2022-10-24 07:25:57
2022,5,ปัตตานี,125,49587,125,49471,1,480,2022-10-24 07:25:57
2022,5,สุรินทร์,674,22071,674,22050,0,85,2022-10-24 07:25:57
2022,5,อุตรดิตถ์,231,5201,231,5199,1,66,2022-10-24 07:25:57
2022,5,นครศรีธรรมราช,1127,54211,1127,54208,1,347,2022-10-24 07:25:57
2022,6,เพชรบุรี,1103,27446,1103,27432,0,158,2022-10-24 07:25:57
2022,6,อำนาจเจริญ,238,3942,238,3939,0,32,2022-10-24 07:25:57
2022,6,สิงห์บุรี,124,4071,124,4070,0,67,2022-10-24 07:25:57
2022,6,กำแพงเพชร,455,9947,455,9940,0,115,2022-10-24 07:25:57
2022,6,ปัตตานี,203,49790,203,49674,0,480,2022-10-24 07:25:57
2022,6,พะเยา,247,3944,247,3941,0,10,2022-10-24 07:25:57
2022,6,สมุทรสาคร,2111,118586,2111,118584,1,884,2022-10-24 07:25:57
2022,6,ยโสธร,364,7532,364,7529,0,54,2022-10-24 07:25:57
2022,6,กาฬสินธุ์,650,13106,650,13102,0,89,2022-10-24 07:25:57
2022,6,ชัยภูมิ,873,14970,873,14967,3,136,2022-10-24 07:25:57
2022,6,อ่างทอง,280,12602,280,12602,1,151,2022-10-24 07:25:57
2022,6,ภูเก็ต,3947,40815,2999,34571,3,159,2022-10-24 07:25:57
2022,6,แพร่,404,3352,404,3348,0,19,2022-10-24 07:25:57
2022,6,บุรีรัมย์,1346,22929,1345,22918,2,95,2022-10-24 07:25:57
2022,6,สุพรรณบุรี,1197,19888,1197,19882,3,282,2022-10-24 07:25:57
2022,6,สุโขทัย,520,7894,520,7891,0,69,2022-10-24 07:25:57
2022,6,น่าน,628,5565,628,5565,1,16,2022-10-24 07:25:57
2022,6,อุดรธานี,875,31240,875,31221,0,176,2022-10-24 07:25:57
2022,6,ตราด,199,10424,199,10357,0,98,2022-10-24 07:25:57
2022,6,มหาสารคาม,1584,16037,1584,16029,3,49,2022-10-24 07:25:57
2022,6,เพชรบูรณ์,702,15272,702,15268,1,139,2022-10-24 07:25:57
2022,6,สุราษฎร์ธานี,960,33456,895,32989,1,162,2022-10-24 07:25:57
2022,6,หนองบัวลำภู,430,6143,430,6143,0,28,2022-10-24 07:25:57
2022,6,สระบุรี,1073,38374,1073,38370,1,387,2022-10-24 07:25:57
2022,6,นครราชสีมา,2030,42997,2030,42988,6,302,2022-10-24 07:25:57
2022,6,นนทบุรี,4014,85447,4013,85236,3,427,2022-10-24 07:25:57
2022,6,ยะลา,182,49609,182,49521,0,335,2022-10-24 07:25:57
2022,6,ร้อยเอ็ด,1281,18811,1281,18807,3,127,2022-10-24 07:25:57
2022,6,พังงา,521,10804,501,10567,0,36,2022-10-24 07:25:57
2022,6,ชลบุรี,4777,141036,4704,139006,7,832,2022-10-24 07:25:57
2022,6,สตูล,143,9627,143,9525,0,134,2022-10-24 07:25:57
2022,6,เชียงใหม่,1667,41524,1667,41440,8,210,2022-10-24 07:25:57
2022,6,หนองคาย,725,7733,725,7729,0,32,2022-10-24 07:25:57
2022,6,ประจวบคีรีขันธ์,930,24020,915,23812,2,129,2022-10-24 07:25:57
2022,6,กรุงเทพมหานคร,16530,523179,16450,519699,16,6971,2022-10-24 07:25:57
2022,6,พัทลุง,754,17631,754,17631,3,132,2022-10-24 07:25:57
2022,6,นครศรีธรรมราช,1810,56021,1810,56018,4,351,2022-10-24 07:25:57
2022,6,เลย,546,7302,546,7301,1,46,2022-10-24 07:25:57
2022,6,ระนอง,144,10712,143,10703,0,112,2022-10-24 07:25:57
2022,6,สุรินทร์,1351,23422,1351,23401,0,85,2022-10-24 07:25:57
2022,6,ไม่ระบุ,0,173,0,161,0,0,2022-10-24 07:25:57
2022,6,อุตรดิตถ์,520,5721,520,5719,1,67,2022-10-24 07:25:57
2022,6,นครปฐม,1690,41718,1690,41713,3,630,2022-10-24 07:25:57
2022,6,พิจิตร,172,6264,172,6262,0,59,2022-10-24 07:25:57
2022,6,แม่ฮ่องสอน,45,3928,45,3926,1,49,2022-10-24 07:25:57
2022,6,ขอนแก่น,1754,37510,1754,37492,4,115,2022-10-24 07:25:57
2022,6,ลำพูน,114,5347,114,5346,1,15,2022-10-24 07:25:57
2022,6,ลำปาง,182,4899,182,4896,3,39,2022-10-24 07:25:57
2022,6,สงขลา,794,70853,794,70762,2,329,2022-10-24 07:25:57
2022,6,ชัยนาท,374,3892,374,3892,0,35,2022-10-24 07:25:57
2022,6,มุกดาหาร,336,3926,336,3922,0,16,2022-10-24 07:25:57
2022,6,พระนครศรีอยุธยา,932,37836,932,37835,8,419,2022-10-24 07:25:57
2022,6,นครนายก,518,13670,518,13670,1,156,2022-10-24 07:25:57
2022,6,ฉะเชิงเทรา,1243,42880,1243,42872,1,316,2022-10-24 07:25:57
2022,6,นครสวรรค์,971,21537,971,21527,1,241,2022-10-24 07:25:57
2022,6,ระยอง,1263,52739,1263,52714,0,319,2022-10-24 07:25:57
2022,6,ตาก,678,28312,678,27952,1,381,2022-10-24 07:25:57
2022,6,ปราจีนบุรี,856,29620,855,29615,1,202,2022-10-24 07:25:57
2022,6,สมุทรสงคราม,251,12822,251,12821,0,146,2022-10-24 07:25:57
2022,6,สกลนคร,632,9974,632,9972,0,40,2022-10-24 07:25:57
2022,6,สระแก้ว,730,22292,712,20887,2,112,2022-10-24 07:25:57
2022,6,ชุมพร,730,19289,730,19289,3,130,2022-10-24 07:25:57
2022,6,เชียงราย,289,7402,289,7204,4,113,2022-10-24 07:25:57
2022,6,อุบลราชธานี,1155,33097,1153,33075,5,213,2022-10-24 07:25:57
2022,6,ราชบุรี,1918,50432,1918,50427,4,308,2022-10-24 07:25:57
2022,6,นราธิวาส,113,43250,113,43040,1,383,2022-10-24 07:25:57
2022,6,กระบี่,542,14835,533,14610,3,73,2022-10-24 07:25:57
2022,6,ตรัง,329,19630,329,19621,3,128,2022-10-24 07:25:57
2022,6,ปทุมธานี,1750,51483,1750,51342,4,846,2022-10-24 07:25:57
2022,6,นครพนม,264,6530,264,6528,2,31,2022-10-24 07:25:57
2022,6,ศรีสะเกษ,848,24806,848,24797,2,102,2022-10-24 07:25:57
2022,6,ลพบุรี,827,23186,827,23181,2,278,2022-10-24 07:25:57
2022,6,กาญจนบุรี,905,28187,898,28176,0,202,2022-10-24 07:25:57
2022,6,สมุทรปราการ,7303,165285,7281,164473,4,1507,2022-10-24 07:25:57
2022,6,บึงกาฬ,357,3867,357,3863,0,21,2022-10-24 07:25:57
2022,6,พิษณุโลก,794,12614,794,12613,0,95,2022-10-24 07:25:57
2022,6,จันทบุรี,760,25513,760,25196,1,142,2022-10-24 07:25:57
2022,6,อุทัยธานี,466,4926,466,4926,0,38,2022-10-24 07:25:57
2022,7,สระบุรี,1613,39987,1613,39983,3,390,2022-10-24 07:25:57
2022,7,นครสวรรค์,1051,22588,1051,22578,1,242,2022-10-24 07:25:57
2022,7,พะเยา,394,4338,394,4335,1,11,2022-10-24 07:25:57
2022,7,แพร่,387,3739,387,3735,1,20,2022-10-24 07:25:57
2022,7,ลำปาง,298,5197,298,5194,2,41,2022-10-24 07:25:57
2022,7,อุบลราชธานี,1415,34512,1415,34490,9,222,2022-10-24 07:25:57
2022,7,พิจิตร,317,6581,317,6579,1,60,2022-10-24 07:25:57
2022,7,ปทุมธานี,2560,54043,2560,53902,1,847,2022-10-24 07:25:57
2022,7,สิงห์บุรี,218,4289,218,4288,0,67,2022-10-24 07:25:57
2022,7,กำแพงเพชร,890,10837,890,10830,1,116,2022-10-24 07:25:57
2022,7,เพชรบุรี,1115,28561,1115,28547,1,159,2022-10-24 07:25:57
2022,7,นครนายก,625,14295,625,14295,1,157,2022-10-24 07:25:57
2022,7,กาญจนบุรี,1738,29925,1732,29908,3,205,2022-10-24 07:25:57
2022,7,ชุมพร,834,20123,834,20123,2,132,2022-10-24 07:25:57
2022,7,ลำพูน,90,5437,90,5436,0,15,2022-10-24 07:25:57
2022,7,นครศรีธรรมราช,3682,59703,3682,59700,3,354,2022-10-24 07:25:57
2022,7,ระนอง,333,11045,331,11034,0,112,2022-10-24 07:25:57
2022,7,น่าน,448,6013,448,6013,0,16,2022-10-24 07:25:57
2022,7,ขอนแก่น,2002,39512,2001,39493,3,118,2022-10-24 07:25:57
2022,7,ชัยนาท,398,4290,398,4290,0,35,2022-10-24 07:25:57
2022,7,นครราชสีมา,3300,46297,3300,46288,7,309,2022-10-24 07:25:57
2022,7,เลย,458,7760,458,7759,2,48,2022-10-24 07:25:57
2022,7,พระนครศรีอยุธยา,1364,39200,1364,39199,0,419,2022-10-24 07:25:57
2022,7,สมุทรสงคราม,399,13221,399,13220,1,147,2022-10-24 07:25:57
2022,7,มุกดาหาร,491,4417,491,4413,1,17,2022-10-24 07:25:57
2022,7,ประจวบคีรีขันธ์,1331,25351,1255,25067,3,132,2022-10-24 07:25:57
2022,7,สุราษฎร์ธานี,1616,35072,1555,34544,6,168,2022-10-24 07:25:57
2022,7,กระบี่,777,15612,764,15374,0,73,2022-10-24 07:25:57
2022,7,นครพนม,585,7115,585,7113,0,31,2022-10-24 07:25:57
2022,7,ระยอง,2077,54816,2076,54790,1,320,2022-10-24 07:25:57
2022,7,ปราจีนบุรี,1126,30746,1126,30741,2,204,2022-10-24 07:25:57
2022,7,ยะลา,275,49884,275,49796,1,336,2022-10-24 07:25:57
2022,7,เพชรบูรณ์,819,16091,819,16087,2,141,2022-10-24 07:25:57
2022,7,ฉะเชิงเทรา,1977,44857,1977,44849,2,318,2022-10-24 07:25:57
2022,7,สมุทรปราการ,6540,171825,6522,170995,4,1511,2022-10-24 07:25:57
2022,7,บุรีรัมย์,2309,25238,2309,25227,0,95,2022-10-24 07:25:57
2022,7,อุดรธานี,968,32208,961,32182,4,180,2022-10-24 07:25:57
2022,7,อำนาจเจริญ,378,4320,378,4317,0,32,2022-10-24 07:25:57
2022,7,ตราด,207,10631,197,10554,2,100,2022-10-24 07:25:57
2022,7,เชียงราย,339,7741,339,7543,3,116,2022-10-24 07:25:57
2022,7,ชลบุรี,5416,146452,5262,144268,9,841,2022-10-24 07:25:57
2022,7,บึงกาฬ,403,4270,403,4266,0,21,2022-10-24 07:25:57
2022,7,เชียงใหม่,1972,43496,1972,43412,3,213,2022-10-24 07:25:57
2022,7,อ่างทอง,338,12940,338,12940,0,151,2022-10-24 07:25:57
2022,7,หนองคาย,824,8557,824,8553,0,32,2022-10-24 07:25:57
2022,7,แม่ฮ่องสอน,63,3991,63,3989,1,50,2022-10-24 07:25:57
2022,7,ชัยภูมิ,1293,16263,1293,16260,1,137,2022-10-24 07:25:57
2022,7,จันทบุรี,807,26320,806,26002,1,143,2022-10-24 07:25:57
2022,7,พัทลุง,768,18399,768,18399,1,133,2022-10-24 07:25:57
2022,7,สตูล,303,9930,303,9828,1,135,2022-10-24 07:25:57
2022,7,พิษณุโลก,1090,13704,1090,13703,0,95,2022-10-24 07:25:57
2022,7,หนองบัวลำภู,885,7028,885,7028,0,28,2022-10-24 07:25:57
2022,7,ร้อยเอ็ด,1501,20312,1501,20308,3,130,2022-10-24 07:25:57
2022,7,มหาสารคาม,1272,17309,1272,17301,2,51,2022-10-24 07:25:57
2022,7,สุรินทร์,1511,24933,1511,24912,1,86,2022-10-24 07:25:57
2022,7,สงขลา,1234,72087,1233,71995,2,331,2022-10-24 07:25:57
2022,7,สกลนคร,700,10674,700,10672,0,40,2022-10-24 07:25:57
2022,7,ตาก,484,28796,475,28427,1,382,2022-10-24 07:25:57
2022,7,ยโสธร,440,7972,440,7969,0,54,2022-10-24 07:25:57
2022,7,ไม่ระบุ,0,173,0,161,0,0,2022-10-24 07:25:57
2022,7,นครปฐม,2400,44118,2400,44113,3,633,2022-10-24 07:25:57
2022,7,ลพบุรี,866,24052,866,24047,0,278,2022-10-24 07:25:57
2022,7,ภูเก็ต,4342,45157,3515,38086,8,167,2022-10-24 07:25:57
2022,7,พังงา,605,11409,585,11152,2,38,2022-10-24 07:25:57
2022,7,สุพรรณบุรี,1447,21335,1447,21329,5,287,2022-10-24 07:25:57
2022,7,ปัตตานี,358,50148,357,50031,0,480,2022-10-24 07:25:57
2022,7,กรุงเทพมหานคร,21838,545017,21730,541429,51,7022,2022-10-24 07:25:57
2022,7,กาฬสินธุ์,1575,14681,1575,14677,1,90,2022-10-24 07:25:57
2022,7,สุโขทัย,539,8433,539,8430,0,69,2022-10-24 07:25:57
2022,7,สมุทรสาคร,2958,121544,2958,121542,0,884,2022-10-24 07:25:57
2022,7,นนทบุรี,4400,89847,4399,89635,0,427,2022-10-24 07:25:57
2022,7,ราชบุรี,2289,52721,2289,52716,5,313,2022-10-24 07:25:57
2022,7,อุตรดิตถ์,717,6438,717,6436,1,68,2022-10-24 07:25:57
2022,7,อุทัยธานี,318,5244,318,5244,0,38,2022-10-24 07:25:57
2022,7,นราธิวาส,373,43623,373,43413,0,383,2022-10-24 07:25:57
2022,7,สระแก้ว,565,22857,523,21410,1,113,2022-10-24 07:25:57
2022,7,ศรีสะเกษ,799,25605,797,25594,5,107,2022-10-24 07:25:57
2022,7,ตรัง,480,20110,480,20101,0,128,2022-10-24 07:25:57
2022,8,ลำปาง,428,5625,428,5622,2,43,2022-10-24 07:25:57
2022,8,เพชรบุรี,1413,29974,1413,29960,1,160,2022-10-24 07:25:57
2022,8,พัทลุง,1110,19509,1110,19509,5,138,2022-10-24 07:25:57
2022,8,ตรัง,628,20738,628,20729,5,133,2022-10-24 07:25:57
2022,8,ปัตตานี,1018,51166,1017,51048,0,480,2022-10-24 07:25:57
2022,8,มหาสารคาม,1309,18618,1309,18610,2,53,2022-10-24 07:25:57
2022,8,ชัยนาท,422,4712,422,4712,0,35,2022-10-24 07:25:57
2022,8,สมุทรปราการ,7052,178877,7033,178028,10,1521,2022-10-24 07:25:57
2022,8,ยะลา,984,50868,984,50780,1,337,2022-10-24 07:25:57
2022,8,น่าน,494,6507,493,6506,0,16,2022-10-24 07:25:57
2022,8,ปทุมธานี,3265,57308,3265,57167,6,853,2022-10-24 07:25:57
2022,8,ลำพูน,91,5528,91,5527,0,15,2022-10-24 07:25:57
2022,8,แม่ฮ่องสอน,87,4078,87,4076,2,52,2022-10-24 07:25:57
2022,8,บุรีรัมย์,3234,28472,3234,28461,6,101,2022-10-24 07:25:57
2022,8,สระแก้ว,766,23623,722,22132,3,116,2022-10-24 07:25:57
2022,8,ตราด,341,10972,332,10886,0,100,2022-10-24 07:25:57
2022,8,เชียงราย,495,8236,495,8038,3,119,2022-10-24 07:25:57
2022,8,ราชบุรี,3826,56547,3826,56542,4,317,2022-10-24 07:25:57
2022,8,พังงา,651,12060,626,11778,6,44,2022-10-24 07:25:57
2022,8,ลพบุรี,1096,25148,1095,25142,6,284,2022-10-24 07:25:57
2022,8,ขอนแก่น,2512,42024,2512,42005,4,122,2022-10-24 07:25:57
2022,8,เลย,569,8329,569,8328,1,49,2022-10-24 07:25:57
2022,8,ระนอง,587,11632,587,11621,0,112,2022-10-24 07:25:57
2022,8,สิงห์บุรี,340,4629,340,4628,3,70,2022-10-24 07:25:57
2022,8,กรุงเทพมหานคร,21213,566230,21174,562603,46,7068,2022-10-24 07:25:57
2022,8,นครปฐม,3871,47989,3871,47984,9,642,2022-10-24 07:25:57
2022,8,นครราชสีมา,4456,50753,4456,50744,6,315,2022-10-24 07:25:57
2022,8,นนทบุรี,5909,95756,5909,95544,1,428,2022-10-24 07:25:57
2022,8,พะเยา,543,4881,543,4878,0,11,2022-10-24 07:25:57
2022,8,อุบลราชธานี,1594,36106,1594,36084,5,227,2022-10-24 07:25:57
2022,8,อ่างทอง,776,13716,776,13716,0,151,2022-10-24 07:25:57
2022,8,อำนาจเจริญ,373,4693,373,4690,0,32,2022-10-24 07:25:57
2022,8,บึงกาฬ,431,4701,431,4697,2,23,2022-10-24 07:25:57
2022,8,หนองบัวลำภู,904,7932,904,7932,0,28,2022-10-24 07:25:57
2022,8,นครพนม,910,8025,910,8023,1,32,2022-10-24 07:25:57
2022,8,เพชรบูรณ์,978,17069,978,17065,0,141,2022-10-24 07:25:57
2022,8,สมุทรสาคร,4137,125681,4137,125679,7,891,2022-10-24 07:25:57
2022,8,แพร่,473,4212,473,4208,0,20,2022-10-24 07:25:57
2022,8,ภูเก็ต,5252,50409,4512,42598,11,178,2022-10-24 07:25:57
2022,8,หนองคาย,1135,9692,1135,9688,1,33,2022-10-24 07:25:57
2022,8,ชัยภูมิ,2498,18761,2498,18758,3,140,2022-10-24 07:25:57
2022,8,จันทบุรี,1195,27515,1190,27192,3,146,2022-10-24 07:25:57
2022,8,นราธิวาส,685,44308,681,44094,0,383,2022-10-24 07:25:57
2022,8,กระบี่,1175,16787,1161,16535,4,77,2022-10-24 07:25:57
2022,8,สกลนคร,468,11142,468,11140,1,41,2022-10-24 07:25:57
2022,8,สุพรรณบุรี,2550,23885,2550,23879,6,293,2022-10-24 07:25:57
2022,8,ฉะเชิงเทรา,2483,47340,2483,47332,2,320,2022-10-24 07:25:57
2022,8,ปราจีนบุรี,1923,32669,1923,32664,2,206,2022-10-24 07:25:57
2022,8,เชียงใหม่,2264,45760,2263,45675,12,225,2022-10-24 07:25:57
2022,8,สุรินทร์,2551,27484,2551,27463,3,89,2022-10-24 07:25:57
2022,8,นครนายก,761,15056,761,15056,1,158,2022-10-24 07:25:57
2022,8,กาญจนบุรี,1609,31534,1589,31497,1,206,2022-10-24 07:25:57
2022,8,ร้อยเอ็ด,1934,22246,1934,22242,3,133,2022-10-24 07:25:57
2022,8,ชลบุรี,8098,154550,7989,152257,6,847,2022-10-24 07:25:57
2022,8,กาฬสินธุ์,1562,16243,1562,16239,4,94,2022-10-24 07:25:57
2022,8,นครสวรรค์,1544,24132,1544,24122,1,243,2022-10-24 07:25:57
2022,8,อุดรธานี,1137,33345,1137,33319,0,180,2022-10-24 07:25:57
2022,8,พระนครศรีอยุธยา,2824,42024,2824,42023,1,420,2022-10-24 07:25:57
2022,8,มุกดาหาร,483,4900,483,4896,1,18,2022-10-24 07:25:57
2022,8,ประจวบคีรีขันธ์,1774,27125,1730,26797,1,133,2022-10-24 07:25:57
2022,8,ชุมพร,1266,21389,1266,21389,4,136,2022-10-24 07:25:57
2022,8,อุทัยธานี,446,5690,446,5690,1,39,2022-10-24 07:25:57
2022,8,อุตรดิตถ์,1416,7854,1416,7852,2,70,2022-10-24 07:25:57
2022,8,สุราษฎร์ธานี,2165,37237,2101,36645,7,175,2022-10-24 07:25:57
2022,8,ตาก,803,29599,787,29214,2,384,2022-10-24 07:25:57
2022,8,ศรีสะเกษ,753,26358,753,26347,4,111,2022-10-24 07:25:57
2022,8,สมุทรสงคราม,944,14165,944,14164,1,148,2022-10-24 07:25:57
2022,8,ระยอง,3268,58084,3266,58056,5,325,2022-10-24 07:25:57
2022,8,พิษณุโลก,1088,14792,1088,14791,3,98,2022-10-24 07:25:57
2022,8,ไม่ระบุ,0,173,0,161,0,0,2022-10-24 07:25:57
2022,8,ยโสธร,700,8672,699,8668,1,55,2022-10-24 07:25:57
2022,8,พิจิตร,573,7154,573,7152,3,63,2022-10-24 07:25:57
2022,8,สุโขทัย,1200,9633,1200,9630,2,71,2022-10-24 07:25:57
2022,8,กำแพงเพชร,1595,12432,1595,12425,0,116,2022-10-24 07:25:57
2022,8,นครศรีธรรมราช,5938,65641,5938,65638,2,356,2022-10-24 07:25:57
2022,8,สตูล,727,10657,727,10555,1,136,2022-10-24 07:25:57
2022,8,สระบุรี,1690,41677,1690,41673,3,393,2022-10-24 07:25:57
2022,8,สงขลา,1772,73859,1730,73725,0,331,2022-10-24 07:25:57
2022,9,เลย,677,9006,677,9005,5,54,2022-10-24 07:25:57
2022,9,ชัยภูมิ,1770,20531,1770,20528,2,142,2022-10-24 07:25:57
2022,9,ราชบุรี,3924,60471,3924,60466,4,321,2022-10-24 07:25:57
2022,9,พะเยา,348,5229,348,5226,0,11,2022-10-24 07:25:57
2022,9,สุโขทัย,994,10627,994,10624,4,75,2022-10-24 07:25:57
2022,9,สงขลา,1852,75711,1827,75552,6,337,2022-10-24 07:25:57
2022,9,นครศรีธรรมราช,6479,72120,6479,72117,3,359,2022-10-24 07:25:57
2022,9,ลพบุรี,1279,26427,1279,26421,4,288,2022-10-24 07:25:57
2022,9,มหาสารคาม,1157,19775,1157,19767,2,55,2022-10-24 07:25:57
2022,9,อุทัยธานี,523,6213,523,6213,0,39,2022-10-24 07:25:57
2022,9,หนองบัวลำภู,674,8606,674,8606,1,29,2022-10-24 07:25:57
2022,9,บุรีรัมย์,3577,32049,3577,32038,3,104,2022-10-24 07:25:57
2022,9,ลำปาง,466,6091,466,6088,1,44,2022-10-24 07:25:57
2022,9,สระแก้ว,1268,24891,1221,23353,4,120,2022-10-24 07:25:57
2022,9,สมุทรสาคร,4558,130239,4558,130237,11,902,2022-10-24 07:25:57
2022,9,อำนาจเจริญ,293,4986,291,4981,2,34,2022-10-24 07:25:57
2022,9,จันทบุรี,1066,28581,1065,28257,4,150,2022-10-24 07:25:57
2022,9,ชุมพร,1203,22592,1203,22592,8,144,2022-10-24 07:25:57
2022,9,นครสวรรค์,1194,25326,1194,25316,2,245,2022-10-24 07:25:57
2022,9,น่าน,483,6990,481,6987,1,17,2022-10-24 07:25:57
2022,9,กาญจนบุรี,1818,33352,1805,33302,4,210,2022-10-24 07:25:57
2022,9,เชียงราย,432,8668,427,8465,6,125,2022-10-24 07:25:57
2022,9,ตาก,1238,30837,1233,30447,11,395,2022-10-24 07:25:57
2022,9,สุพรรณบุรี,2826,26711,2826,26705,6,299,2022-10-24 07:25:57
2022,9,อ่างทอง,1077,14793,1077,14793,2,153,2022-10-24 07:25:57
2022,9,นครนายก,855,15911,855,15911,1,159,2022-10-24 07:25:57
2022,9,หนองคาย,1384,11076,1384,11072,2,35,2022-10-24 07:25:57
2022,9,พัทลุง,1352,20861,1352,20861,3,141,2022-10-24 07:25:57
2022,9,ยโสธร,964,9636,964,9632,0,55,2022-10-24 07:25:57
2022,9,เพชรบูรณ์,933,18002,933,17998,1,142,2022-10-24 07:25:57
2022,9,ตราด,390,11362,380,11266,5,105,2022-10-24 07:25:57
2022,9,อุบลราชธานี,1663,37769,1663,37747,6,233,2022-10-24 07:25:57
2022,9,แพร่,588,4800,588,4796,3,23,2022-10-24 07:25:57
2022,9,พังงา,653,12713,636,12414,1,45,2022-10-24 07:25:57
2022,9,ชลบุรี,8776,163326,8703,160960,12,859,2022-10-24 07:25:57
2022,9,แม่ฮ่องสอน,105,4183,105,4181,2,54,2022-10-24 07:25:57
2022,9,กาฬสินธุ์,1439,17682,1439,17678,3,97,2022-10-24 07:25:57
2022,9,สระบุรี,2400,44077,2400,44073,3,396,2022-10-24 07:25:57
2022,9,นครราชสีมา,4660,55413,4660,55404,5,320,2022-10-24 07:25:57
2022,9,ไม่ระบุ,0,173,0,161,0,0,2022-10-24 07:25:57
2022,9,เพชรบุรี,1380,31354,1376,31336,1,161,2022-10-24 07:25:57
2022,9,พิจิตร,642,7796,642,7794,2,65,2022-10-24 07:25:57
2022,9,กำแพงเพชร,1475,13907,1475,13900,2,118,2022-10-24 07:25:57
2022,9,นครปฐม,4078,52067,4078,52062,11,653,2022-10-24 07:25:57
2022,9,นนทบุรี,5803,101559,5803,101347,2,430,2022-10-24 07:25:57
2022,9,สตูล,918,11575,918,11473,4,140,2022-10-24 07:25:57
2022,9,ปัตตานี,1658,52824,1654,52702,4,484,2022-10-24 07:25:57
2022,9,บึงกาฬ,485,5186,485,5182,0,23,2022-10-24 07:25:57
2022,9,ประจวบคีรีขันธ์,2104,29229,2016,28813,1,134,2022-10-24 07:25:57
2022,9,สมุทรปราการ,7033,185910,7017,185045,7,1528,2022-10-24 07:25:57
2022,9,มุกดาหาร,386,5286,384,5280,2,20,2022-10-24 07:25:57
2022,9,อุดรธานี,1367,34712,1367,34686,0,180,2022-10-24 07:25:57
2022,9,ยะลา,1624,52492,1624,52404,3,340,2022-10-24 07:25:57
2022,9,ภูเก็ต,5201,55610,4631,47229,17,195,2022-10-24 07:25:57
2022,9,สมุทรสงคราม,1396,15561,1396,15560,0,148,2022-10-24 07:25:57
2022,9,นครพนม,1021,9046,1021,9044,0,32,2022-10-24 07:25:57
2022,9,เชียงใหม่,2002,47762,2002,47677,8,233,2022-10-24 07:25:57
2022,9,พิษณุโลก,1292,16084,1292,16083,4,102,2022-10-24 07:25:57
2022,9,ร้อยเอ็ด,2273,24519,2273,24515,5,138,2022-10-24 07:25:57
2022,9,ฉะเชิงเทรา,2889,50229,2889,50221,6,326,2022-10-24 07:25:57
2022,9,สกลนคร,997,12139,997,12137,3,44,2022-10-24 07:25:57
2022,9,พระนครศรีอยุธยา,3669,45693,3669,45692,1,421,2022-10-24 07:25:57
2022,9,ตรัง,1165,21903,1165,21894,3,136,2022-10-24 07:25:57
2022,9,สุราษฎร์ธานี,1620,38857,1585,38230,5,180,2022-10-24 07:25:57
2022,9,สุรินทร์,1650,29134,1650,29113,5,94,2022-10-24 07:25:57
2022,9,ขอนแก่น,2653,44677,2648,44653,0,122,2022-10-24 07:25:57
2022,9,ลำพูน,51,5579,51,5578,0,15,2022-10-24 07:25:57
2022,9,ระนอง,874,12506,850,12471,2,114,2022-10-24 07:25:57
2022,9,นราธิวาส,1099,45407,1096,45190,3,386,2022-10-24 07:25:57
2022,9,ชัยนาท,472,5184,472,5184,1,36,2022-10-24 07:25:57
2022,9,สิงห์บุรี,379,5008,379,5007,2,72,2022-10-24 07:25:57
2022,9,ปทุมธานี,3895,61203,3895,61062,4,857,2022-10-24 07:25:57
2022,9,กระบี่,1102,17889,1091,17626,14,91,2022-10-24 07:25:57
2022,9,กรุงเทพมหานคร,19581,585811,19535,582138,43,7111,2022-10-24 07:25:57
2022,9,ระยอง,4277,62361,4277,62333,3,328,2022-10-24 07:25:57
2022,9,ศรีสะเกษ,1284,27642,1283,27630,9,120,2022-10-24 07:25:57
2022,9,ปราจีนบุรี,2021,34690,2021,34685,3,209,2022-10-24 07:25:57
2022,9,อุตรดิตถ์,763,8617,763,8615,4,74,2022-10-24 07:25:57
2022,10,กาญจนบุรี,1672,35024,1672,34974,11,221,2022-10-24 07:25:57
2022,10,แม่ฮ่องสอน,154,4337,154,4335,1,55,2022-10-24 07:25:57
2022,10,น่าน,348,7338,348,7335,0,17,2022-10-24 07:25:57
2022,10,ชัยภูมิ,1176,21707,1176,21704,3,145,2022-10-24 07:25:57
2022,10,เชียงใหม่,2035,49797,2035,49712,3,236,2022-10-24 07:25:57
2022,10,ยโสธร,964,10600,964,10596,4,59,2022-10-24 07:25:57
2022,10,ระนอง,1107,13613,1107,13578,1,115,2022-10-24 07:25:57
2022,10,สุราษฎร์ธานี,1555,40412,1539,39769,19,199,2022-10-24 07:25:57
2022,10,ภูเก็ต,4086,59696,3815,51044,15,210,2022-10-24 07:25:57
2022,10,บึงกาฬ,663,5849,663,5845,0,23,2022-10-24 07:25:57
2022,10,เชียงราย,407,9075,404,8869,3,128,2022-10-24 07:25:57
2022,10,สตูล,1221,12796,1220,12693,11,151,2022-10-24 07:25:57
2022,10,พิษณุโลก,1148,17232,1148,17231,2,104,2022-10-24 07:25:57
2022,10,อุทัยธานี,437,6650,437,6650,2,41,2022-10-24 07:25:57
2022,10,สมุทรปราการ,6322,192232,6318,191363,15,1543,2022-10-24 07:25:57
2022,10,แพร่,667,5467,667,5463,5,28,2022-10-24 07:25:57
2022,10,ระยอง,3057,65418,3057,65390,6,334,2022-10-24 07:25:57
2022,10,ลำพูน,27,5606,27,5605,0,15,2022-10-24 07:25:57
2022,10,ปราจีนบุรี,1501,36191,1501,36186,2,211,2022-10-24 07:25:57
2022,10,ชัยนาท,213,5397,213,5397,0,36,2022-10-24 07:25:57
2022,10,ศรีสะเกษ,1264,28906,1263,28893,8,128,2022-10-24 07:25:57
2022,10,นนทบุรี,5776,107335,5776,107123,1,431,2022-10-24 07:25:57
2022,10,มุกดาหาร,247,5533,247,5527,0,20,2022-10-24 07:25:57
2022,10,ชุมพร,1134,23726,1134,23726,8,152,2022-10-24 07:25:57
2022,10,นครสวรรค์,1342,26668,1341,26657,4,249,2022-10-24 07:25:57
2022,10,ปัตตานี,2093,54917,2092,54794,7,491,2022-10-24 07:25:57
2022,10,อุดรธานี,1393,36105,1393,36079,4,184,2022-10-24 07:25:57
2022,10,จันทบุรี,1362,29943,1361,29618,0,150,2022-10-24 07:25:57
2022,10,พิจิตร,398,8194,398,8192,1,66,2022-10-24 07:25:57
2022,10,หนองบัวลำภู,668,9274,668,9274,0,29,2022-10-24 07:25:57
2022,10,เพชรบูรณ์,726,18728,726,18724,1,143,2022-10-24 07:25:57
2022,10,กำแพงเพชร,883,14790,883,14783,1,119,2022-10-24 07:25:57
2022,10,ตรัง,1419,23322,1419,23313,11,147,2022-10-24 07:25:57
2022,10,เพชรบุรี,1644,32998,1642,32978,0,161,2022-10-24 07:25:57
2022,10,ตาก,1134,31971,1110,31557,6,401,2022-10-24 07:25:57
2022,10,ประจวบคีรีขันธ์,1524,30753,1520,30333,6,140,2022-10-24 07:25:57
2022,10,ตราด,527,11889,516,11782,5,110,2022-10-24 07:25:57
2022,10,พัทลุง,2168,23029,2168,23029,17,158,2022-10-24 07:25:57
2022,10,มหาสารคาม,1811,21586,1811,21578,2,57,2022-10-24 07:25:57
2022,10,ไม่ระบุ,0,173,0,161,0,0,2022-10-24 07:25:57
2022,10,ปทุมธานี,3782,64985,3782,64844,13,870,2022-10-24 07:25:57
2022,10,ร้อยเอ็ด,2571,27090,2571,27086,1,139,2022-10-24 07:25:57
2022,10,สมุทรสาคร,5006,135245,5006,135243,14,916,2022-10-24 07:25:57
2022,10,หนองคาย,1290,12366,1290,12362,1,36,2022-10-24 07:25:57
2022,10,ขอนแก่น,2186,46863,2186,46839,4,126,2022-10-24 07:25:57
2022,10,สุรินทร์,1861,30995,1860,30973,8,102,2022-10-24 07:25:57
2022,10,นราธิวาส,1413,46820,1413,46603,4,390,2022-10-24 07:25:57
2022,10,สระบุรี,1779,45856,1779,45852,5,401,2022-10-24 07:25:57
2022,10,ชลบุรี,7279,170605,7213,168173,28,887,2022-10-24 07:25:57
2022,10,ลำปาง,447,6538,447,6535,0,44,2022-10-24 07:25:57
2022,10,กรุงเทพมหานคร,20565,606376,20521,602659,67,7178,2022-10-24 07:25:57
2022,10,กาฬสินธุ์,1650,19332,1650,19328,1,98,2022-10-24 07:25:57
2022,10,กระบี่,977,18866,972,18598,8,99,2022-10-24 07:25:57
2022,10,บุรีรัมย์,3181,35230,3181,35219,8,112,2022-10-24 07:25:57
2022,10,สระแก้ว,1678,26569,1607,24960,4,124,2022-10-24 07:25:57
2022,10,อ่างทอง,1147,15940,1147,15940,2,155,2022-10-24 07:25:57
2022,10,สมุทรสงคราม,1807,17368,1807,17367,1,149,2022-10-24 07:25:57
2022,10,สงขลา,2826,78537,2802,78354,6,343,2022-10-24 07:25:57
2022,10,สุพรรณบุรี,2716,29427,2716,29421,4,303,2022-10-24 07:25:57
2022,10,อำนาจเจริญ,304,5290,304,5285,2,36,2022-10-24 07:25:57
2022,10,สุโขทัย,871,11498,871,11495,0,75,2022-10-24 07:25:57
2022,10,นครพนม,635,9681,635,9679,2,34,2022-10-24 07:25:57
2022,10,ลพบุรี,1314,27741,1314,27735,9,297,2022-10-24 07:25:57
2022,10,พังงา,653,13366,632,13046,7,52,2022-10-24 07:25:57
2022,10,ราชบุรี,2702,63173,2702,63168,5,326,2022-10-24 07:25:57
2022,10,นครราชสีมา,3698,59111,3698,59102,7,327,2022-10-24 07:25:57
2022,10,นครนายก,830,16741,830,16741,4,163,2022-10-24 07:25:57
2022,10,พระนครศรีอยุธยา,4189,49882,4189,49881,4,425,2022-10-24 07:25:57
2022,10,เลย,877,9883,877,9882,4,58,2022-10-24 07:25:57
2022,10,พะเยา,447,5676,447,5673,4,15,2022-10-24 07:25:57
2022,10,สิงห์บุรี,646,5654,646,5653,2,74,2022-10-24 07:25:57
2022,10,นครศรีธรรมราช,7446,79566,7446,79563,18,377,2022-10-24 07:25:57
2022,10,ฉะเชิงเทรา,2948,53177,2948,53169,3,329,2022-10-24 07:25:57
2022,10,ยะลา,1714,54206,1713,54117,8,348,2022-10-24 07:25:57
2022,10,นครปฐม,3351,55418,3351,55413,11,664,2022-10-24 07:25:57
2022,10,อุบลราชธานี,1829,39598,1829,39576,9,242,2022-10-24 07:25:57
2022,10,อุตรดิตถ์,437,9054,437,9052,3,77,2022-10-24 07:25:57
2022,10,สกลนคร,1102,13241,1102,13239,1,45,2022-10-24 07:25:57
2022,11,ศรีสะเกษ,1581,30487,1581,30474,4,132,2022-10-24 07:25:57
2022,11,ตรัง,1070,24392,1070,24383,2,149,2022-10-24 07:25:57
2022,11,ตราด,790,12679,783,12565,8,118,2022-10-24 07:25:57
2022,11,ปราจีนบุรี,2028,38219,2028,38214,5,216,2022-10-24 07:25:57
2022,11,กำแพงเพชร,1056,15846,1056,15839,10,129,2022-10-24 07:25:57
2022,11,สกลนคร,1286,14527,1286,14525,4,49,2022-10-24 07:25:57
2022,11,ระนอง,1493,15106,1485,15063,0,115,2022-10-24 07:25:57
2022,11,นครสวรรค์,1537,28205,1537,28194,5,254,2022-10-24 07:25:57
2022,11,มหาสารคาม,1684,23270,1684,23262,3,60,2022-10-24 07:25:57
2022,11,สงขลา,3559,82096,3556,81910,5,348,2022-10-24 07:25:57
2022,11,สมุทรสงคราม,2009,19377,2009,19376,5,154,2022-10-24 07:25:57
2022,11,สมุทรสาคร,5663,140908,5663,140906,14,930,2022-10-24 07:25:57
2022,11,สตูล,1753,14549,1753,14446,5,156,2022-10-24 07:25:57
2022,11,ลำพูน,28,5634,28,5633,0,15,2022-10-24 07:25:57
2022,11,อำนาจเจริญ,464,5754,464,5749,2,38,2022-10-24 07:25:57
2022,11,นราธิวาส,1283,48103,1283,47886,5,395,2022-10-24 07:25:57
2022,11,เพชรบูรณ์,764,19492,764,19488,4,147,2022-10-24 07:25:57
2022,11,ไม่ระบุ,0,173,0,161,0,0,2022-10-24 07:25:57
2022,11,แพร่,508,5975,508,5971,6,34,2022-10-24 07:25:57
2022,11,เชียงราย,269,9344,268,9137,8,136,2022-10-24 07:25:57
2022,11,พังงา,670,14036,660,13706,6,58,2022-10-24 07:25:57
2022,11,บึงกาฬ,664,6513,664,6509,1,24,2022-10-24 07:25:57
2022,11,สุโขทัย,1065,12563,1065,12560,3,78,2022-10-24 07:25:57
2022,11,กรุงเทพมหานคร,22768,629144,22749,625408,82,7260,2022-10-24 07:25:57
2022,11,สุพรรณบุรี,2785,32212,2785,32206,9,312,2022-10-24 07:25:57
2022,11,หนองคาย,1397,13763,1397,13759,3,39,2022-10-24 07:25:57
2022,11,อ่างทอง,1194,17134,1194,17134,2,157,2022-10-24 07:25:57
2022,11,นครปฐม,3625,59043,3625,59038,9,673,2022-10-24 07:25:57
2022,11,นครพนม,533,10214,533,10212,2,36,2022-10-24 07:25:57
2022,11,ชัยภูมิ,782,22489,782,22486,4,149,2022-10-24 07:25:57
2022,11,ร้อยเอ็ด,3116,30206,3116,30202,8,147,2022-10-24 07:25:57
2022,11,พิจิตร,286,8480,286,8478,2,68,2022-10-24 07:25:57
2022,11,ปัตตานี,1991,56908,1991,56785,13,504,2022-10-24 07:25:57
2022,11,บุรีรัมย์,2888,38118,2888,38107,3,115,2022-10-24 07:25:57
2022,11,แม่ฮ่องสอน,184,4521,184,4519,0,55,2022-10-24 07:25:57
2022,11,ระยอง,3160,68578,3159,68549,9,343,2022-10-24 07:25:57
2022,11,ตาก,1063,33034,1053,32610,8,409,2022-10-24 07:25:57
2022,11,สุรินทร์,2133,33128,2133,33106,4,106,2022-10-24 07:25:57
2022,11,สมุทรปราการ,6351,198583,6342,197705,21,1564,2022-10-24 07:25:57
2022,11,เชียงใหม่,2298,52095,2298,52010,6,242,2022-10-24 07:25:57
2022,11,ชุมพร,1247,24973,1247,24973,5,157,2022-10-24 07:25:57
2022,11,ฉะเชิงเทรา,3581,56758,3581,56750,1,330,2022-10-24 07:25:57
2022,11,อุบลราชธานี,2012,41610,2012,41588,8,250,2022-10-24 07:25:57
2022,11,นนทบุรี,4147,111482,4147,111270,1,432,2022-10-24 07:25:57
2022,11,ลพบุรี,950,28691,950,28685,14,311,2022-10-24 07:25:57
2022,11,สระบุรี,1681,47537,1681,47533,6,407,2022-10-24 07:25:57
2022,11,อุตรดิตถ์,404,9458,404,9456,3,80,2022-10-24 07:25:57
2022,11,สระแก้ว,1404,27973,1359,26319,4,128,2022-10-24 07:25:57
2022,11,ลำปาง,807,7345,807,7342,0,44,2022-10-24 07:25:57
2022,11,ยะลา,1476,55682,1476,55593,6,354,2022-10-24 07:25:57
2022,11,กระบี่,1208,20074,1207,19805,15,114,2022-10-24 07:25:57
2022,11,นครนายก,685,17426,685,17426,5,168,2022-10-24 07:25:57
2022,11,สุราษฎร์ธานี,1743,42155,1738,41507,16,215,2022-10-24 07:25:57
2022,11,ประจวบคีรีขันธ์,1458,32211,1448,31781,1,141,2022-10-24 07:25:57
2022,11,ชัยนาท,231,5628,231,5628,0,36,2022-10-24 07:25:57
2022,11,อุดรธานี,1978,38083,1978,38057,6,190,2022-10-24 07:25:57
2022,11,นครราชสีมา,3417,62528,3417,62519,11,338,2022-10-24 07:25:57
2022,11,ปทุมธานี,3659,68644,3659,68503,13,883,2022-10-24 07:25:57
2022,11,อุทัยธานี,522,7172,522,7172,0,41,2022-10-24 07:25:57
2022,11,เลย,986,10869,986,10868,3,61,2022-10-24 07:25:57
2022,11,จันทบุรี,1716,31659,1714,31332,4,154,2022-10-24 07:25:57
2022,11,พัทลุง,2270,25299,2270,25299,13,171,2022-10-24 07:25:57
2022,11,เพชรบุรี,1970,34968,1970,34948,3,164,2022-10-24 07:25:57
2022,11,พิษณุโลก,1217,18449,1217,18448,1,105,2022-10-24 07:25:57
2022,11,พะเยา,403,6079,403,6076,2,17,2022-10-24 07:25:57
2022,11,ขอนแก่น,2903,49766,2903,49742,2,128,2022-10-24 07:25:57
2022,11,น่าน,433,7771,433,7768,0,17,2022-10-24 07:25:57
2022,11,นครศรีธรรมราช,10422,89988,10422,89985,13,390,2022-10-24 07:25:57
2022,11,กาฬสินธุ์,1602,20934,1602,20930,6,104,2022-10-24 07:25:57
2022,11,ชลบุรี,8464,179069,8423,176596,25,912,2022-10-24 07:25:57
2022,11,หนองบัวลำภู,565,9839,565,9839,1,30,2022-10-24 07:25:57
2022,11,ยโสธร,869,11469,869,11465,1,60,2022-10-24 07:25:57
2022,11,กาญจนบุรี,2067,37091,2067,37041,11,232,2022-10-24 07:25:57
2022,11,ภูเก็ต,2885,62581,2749,53793,9,219,2022-10-24 07:25:57
2022,11,พระนครศรีอยุธยา,3980,53862,3980,53861,6,431,2022-10-24 07:25:57
2022,11,มุกดาหาร,319,5852,319,5846,3,23,2022-10-24 07:25:57
2022,11,ราชบุรี,3616,66789,3616,66784,10,336,2022-10-24 07:25:57
2022,11,สิงห์บุรี,657,6311,657,6310,1,75,2022-10-24 07:25:57
2022,12,ร้อยเอ็ด,4179,34385,4179,34381,3,150,2022-10-24 07:25:57
2022,12,ปทุมธานี,2746,71390,2746,71249,19,902,2022-10-24 07:25:57
2022,12,ตาก,1111,34145,1099,33709,1,410,2022-10-24 07:25:57
2022,12,นครศรีธรรมราช,10335,100323,10335,100320,16,406,2022-10-24 07:25:57
2022,12,น่าน,811,8582,811,8579,3,20,2022-10-24 07:25:57
2022,12,ปราจีนบุรี,1924,40143,1924,40138,4,220,2022-10-24 07:25:57
2022,12,สุพรรณบุรี,3068,35280,3068,35274,7,319,2022-10-24 07:25:57
2022,12,อุตรดิตถ์,628,10086,628,10084,4,84,2022-10-24 07:25:57
2022,12,ฉะเชิงเทรา,3799,60557,3799,60549,5,335,2022-10-24 07:25:57
2022,12,ลำปาง,733,8078,733,8075,3,47,2022-10-24 07:25:57
2022,12,กระบี่,1207,21281,1204,21009,10,124,2022-10-24 07:25:57
2022,12,ตรัง,1259,25651,1259,25642,7,156,2022-10-24 07:25:57
2022,12,สงขลา,4323,86419,4321,86231,12,360,2022-10-24 07:25:57
2022,12,สกลนคร,1493,16020,1493,16018,3,52,2022-10-24 07:25:57
2022,12,กาฬสินธุ์,1873,22807,1873,22803,6,110,2022-10-24 07:25:57
2022,12,สิงห์บุรี,613,6924,613,6923,2,77,2022-10-24 07:25:57
2022,12,แม่ฮ่องสอน,263,4784,263,4782,4,59,2022-10-24 07:25:57
2022,12,ศรีสะเกษ,1968,32455,1968,32442,8,140,2022-10-24 07:25:57
2022,12,กำแพงเพชร,1285,17131,1285,17124,4,133,2022-10-24 07:25:57
2022,12,พิจิตร,337,8817,337,8815,3,71,2022-10-24 07:25:57
2022,12,นครสวรรค์,1971,30176,1971,30165,5,259,2022-10-24 07:25:57
2022,12,หนองบัวลำภู,683,10522,683,10522,4,34,2022-10-24 07:25:57
2022,12,เชียงราย,197,9541,197,9334,3,139,2022-10-24 07:25:57
2022,12,พิษณุโลก,1353,19802,1353,19801,9,114,2022-10-24 07:25:57
2022,12,สตูล,1864,16413,1864,16310,6,162,2022-10-24 07:25:57
2022,12,อำนาจเจริญ,547,6301,547,6296,1,39,2022-10-24 07:25:57
2022,12,ลำพูน,32,5666,32,5665,0,15,2022-10-24 07:25:57
2022,12,ยะลา,1006,56688,1006,56599,8,362,2022-10-24 07:25:57
2022,12,ระยอง,3822,72400,3822,72371,7,350,2022-10-24 07:25:57
2022,12,ชลบุรี,8935,188004,8909,185505,19,931,2022-10-24 07:25:57
2022,12,เชียงใหม่,3066,55161,3066,55076,4,246,2022-10-24 07:25:57
2022,12,ลพบุรี,882,29573,882,29567,15,326,2022-10-24 07:25:57
2022,12,ระนอง,1500,16606,1489,16552,3,118,2022-10-24 07:25:57
2022,12,ชัยภูมิ,906,23395,906,23392,3,152,2022-10-24 07:25:57
2022,12,สุรินทร์,2141,35269,2141,35247,7,113,2022-10-24 07:25:57
2022,12,นนทบุรี,3856,115338,3856,115126,1,433,2022-10-24 07:25:57
2022,12,มุกดาหาร,456,6308,456,6302,3,26,2022-10-24 07:25:57
2022,12,พระนครศรีอยุธยา,2604,56466,2604,56465,6,437,2022-10-24 07:25:57
2022,12,สมุทรสงคราม,2543,21920,2543,21919,4,158,2022-10-24 07:25:57
2022,12,นราธิวาส,816,48919,816,48702,3,398,2022-10-24 07:25:57
2022,12,สมุทรสาคร,5661,146569,5661,146567,7,937,2022-10-24 07:25:57
2022,12,นครพนม,536,10750,536,10748,2,38,2022-10-24 07:25:57
2022,12,พังงา,655,14691,648,14354,0,58,2022-10-24 07:25:57
2022,12,ชุมพร,1151,26124,1151,26124,3,160,2022-10-24 07:25:57
2022,12,ประจวบคีรีขันธ์,2227,34438,2217,33998,10,151,2022-10-24 07:25:57
2022,12,จันทบุรี,1720,33379,1719,33051,5,159,2022-10-24 07:25:57
2022,12,แพร่,549,6524,549,6520,5,39,2022-10-24 07:25:57
2022,12,บึงกาฬ,808,7321,808,7317,0,24,2022-10-24 07:25:57
2022,12,เพชรบุรี,2479,37447,2476,37424,7,171,2022-10-24 07:25:57
2022,12,อุดรธานี,2388,40471,2388,40445,7,197,2022-10-24 07:25:57
2022,12,หนองคาย,1323,15086,1319,15078,4,43,2022-10-24 07:25:57
2022,12,เพชรบูรณ์,753,20245,753,20241,9,156,2022-10-24 07:25:57
2022,12,นครราชสีมา,3034,65562,3034,65553,11,349,2022-10-24 07:25:57
2022,12,ตราด,1015,13694,1009,13574,4,122,2022-10-24 07:25:57
2022,12,พะเยา,422,6501,422,6498,1,18,2022-10-24 07:25:57
2022,12,อุทัยธานี,567,7739,567,7739,2,43,2022-10-24 07:25:57
2022,12,พัทลุง,3164,28463,3164,28463,13,184,2022-10-24 07:25:57
2022,12,อุบลราชธานี,2266,43876,2266,43854,15,265,2022-10-24 07:25:57
2022,12,เลย,1059,11928,1059,11927,1,62,2022-10-24 07:25:57
2022,12,ไม่ระบุ,0,173,0,161,0,0,2022-10-24 07:25:57
2022,12,นครนายก,864,18290,864,18290,2,170,2022-10-24 07:25:57
2022,12,นครปฐม,3646,62689,3646,62684,11,684,2022-10-24 07:25:57
2022,12,กาญจนบุรี,1823,38914,1823,38864,12,244,2022-10-24 07:25:57
2022,12,กรุงเทพมหานคร,22935,652079,22905,648313,73,7333,2022-10-24 07:25:57
